<annotation>
	<folder>Hii</folder>
	<filename>1 (4).jpg</filename>
	<path>C:\Users\91739\Downloads\Final image project\Hii\1 (4).jpg</path>
	<source>
		<database>Unknown</database>
	</source>
	<size>
		<width>640</width>
		<height>480</height>
		<depth>3</depth>
	</size>
	<segmented>0</segmented>
	<object>
		<name>hello</name>
		<pose>Unspecified</pose>
		<truncated>0</truncated>
		<difficult>0</difficult>
		<bndbox>
			<xmin>170</xmin>
			<ymin>60</ymin>
			<xmax>354</xmax>
			<ymax>292</ymax>
		</bndbox>
	</object>
</annotation>
