<annotation>
	<folder>Hii</folder>
	<filename>1 (7).jpg</filename>
	<path>C:\Users\91739\Downloads\Final image project\Hii\1 (7).jpg</path>
	<source>
		<database>Unknown</database>
	</source>
	<size>
		<width>640</width>
		<height>480</height>
		<depth>3</depth>
	</size>
	<segmented>0</segmented>
	<object>
		<name>hello</name>
		<pose>Unspecified</pose>
		<truncated>0</truncated>
		<difficult>0</difficult>
		<bndbox>
			<xmin>185</xmin>
			<ymin>62</ymin>
			<xmax>340</xmax>
			<ymax>316</ymax>
		</bndbox>
	</object>
</annotation>
