<annotation>
	<folder>Hii</folder>
	<filename>2 (1).jpg</filename>
	<path>C:\Users\91739\Downloads\Final image project\Hii\2 (1).jpg</path>
	<source>
		<database>Unknown</database>
	</source>
	<size>
		<width>640</width>
		<height>480</height>
		<depth>3</depth>
	</size>
	<segmented>0</segmented>
	<object>
		<name>no</name>
		<pose>Unspecified</pose>
		<truncated>0</truncated>
		<difficult>0</difficult>
		<bndbox>
			<xmin>262</xmin>
			<ymin>132</ymin>
			<xmax>422</xmax>
			<ymax>311</ymax>
		</bndbox>
	</object>
</annotation>
