<annotation>
	<folder>Hii</folder>
	<filename>3.jpg</filename>
	<path>C:\Users\91739\Downloads\Final image project\Hii\3.jpg</path>
	<source>
		<database>Unknown</database>
	</source>
	<size>
		<width>640</width>
		<height>480</height>
		<depth>3</depth>
	</size>
	<segmented>0</segmented>
	<object>
		<name>iloveyou</name>
		<pose>Unspecified</pose>
		<truncated>0</truncated>
		<difficult>0</difficult>
		<bndbox>
			<xmin>239</xmin>
			<ymin>117</ymin>
			<xmax>428</xmax>
			<ymax>350</ymax>
		</bndbox>
	</object>
</annotation>
